CustomerID,Name,Telephone,Country,Email1,Andrew Ringgold,(561) 888-7697,US,Andrew Ringgold@gmail.com2,Lakisha Wojtczak,(420) 210-8716,Mexico,Lakisha Wojtczak@gmail.com3,Fleta Leister,(640) 283-7520,Canada,Fleta Leister@gmail.com4,Caridad Leininger,(459) 982-4405,Austria,Caridad Leininger@gmail.com5,Carmina Markham,(802) 438-5521,Belgium,Carmina Markham@gmail.com6,Mollie Tarlton,(670) 924-3978,Croatia,Mollie Tarlton@gmail.com7,Hertha Rook,(997) 834-0163,Czech Republic,Hertha Rook@gmail.com8,Maegan Spann,(537) 911-8499,Denmark,Maegan Spann@gmail.com9,Janey Mcdade,(330) 432-9885,Finland,Janey Mcdade@gmail.com10,Delilah Mungo,(482) 849-9646,France,Delilah Mungo@gmail.com11,Hung Roesner,(492) 698-5492,Germany,Hung Roesner@gmail.com12,Shaunna Eynon,(472) 719-6250,Hungary,Shaunna Eynon@gmail.com13,Jim Shouse,(740) 587-1578,Ireland,Jim Shouse@gmail.com14,Rosana Nesler,(462) 960-5881,Italy,Rosana Nesler@gmail.com15,Nancy Covert,(866) 394-3191,Liechtenstein,Nancy Covert@gmail.com16,Tina Tsuji,(477) 758-4872,Luxembourg,Tina Tsuji@gmail.com17,Arlean Kowaleski,(467) 798-4535,The Netherlands,Arlean Kowaleski@gmail.com18,Lisa Grosso,(414) 893-1509,Norway,Lisa Grosso@gmail.com19,Marc Rizer,(309) 941-8394,Poland,Marc Rizer@gmail.com20,Latina Pinzon,(943) 512-4008,Portugal,Latina Pinzon@gmail.com21,Roseann Saver,(961) 667-5492,Slovakia,Roseann Saver@gmail.com22,Lissette Ruby,(354) 493-1557,Slovenia,Lissette Ruby@gmail.com23,Oretha Joe,(280) 744-7811,Spain,Oretha Joe@gmail.com24,Oren Debartolo,(822) 561-8168,Sweden,Oren Debartolo@gmail.com25,Rupert Lyons,(302) 915-9452,Switzerland,Rupert Lyons@gmail.com26,Elliott Natal,(608) 470-3003,United Kingdom,Elliott Natal@gmail.com27,Archie Rutland,(444) 751-6220,Australia,Archie Rutland@gmail.com28,Anna Kasprzak,(858) 542-0916,China Mainland,Anna Kasprzak@gmail.com29,Jenette Altschuler,(907) 928-1378,Hong Kong S.A.R. China,Jenette Altschuler@gmail.com30,Loriann Swager,(437) 234-4461,Japan,Loriann Swager@gmail.com31,Erline Orwig,(727) 341-4208,Macao S.A.R. China,Erline Orwig@gmail.com32,Slyvia Ned,(747) 456-8571,New Zealand,Slyvia Ned@gmail.com33,Adelle Latorre,(508) 507-2213,South Korea,Adelle Latorre@gmail.com34,Edgardo Russ,(529) 886-8271,Taiwan,Edgardo Russ@gmail.com35,Lida Nez,(654) 221-1739,Jordan,Lida Nez@gmail.com36,Eleni Aviles,(848) 819-4276,United Arab Emirates,Eleni Aviles@gmail.com37,Han Stavros,(954) 378-9205,US,Han Stavros@gmail.com38,Berniece Wilham,(566) 915-5317,Mexico,Berniece Wilham@gmail.com39,Candyce Millet,(739) 611-7594,Canada,Candyce Millet@gmail.com40,Angelena Oxley,(243) 544-6178,Austria,Angelena Oxley@gmail.com41,Lonna Degner,(500) 510-7321,Belgium,Lonna Degner@gmail.com42,Bernardine Pietrowski,(933) 997-0894,Croatia,Bernardine Pietrowski@gmail.com43,Rhona Loan,(859) 782-1627,Czech Republic,Rhona Loan@gmail.com44,Bethanie Braz,(920) 534-0835,Denmark,Bethanie Braz@gmail.com45,Kami Macy,(741) 918-4968,Finland,Kami Macy@gmail.com46,Manuel Tutino,(323) 308-1000,France,Manuel Tutino@gmail.com47,Carry Brimer,(548) 204-6534,Germany,Carry Brimer@gmail.com48,Dominique Wilhite,(761) 903-8663,Hungary,Dominique Wilhite@gmail.com49,Stewart Gilcrease,(391) 584-4928,Ireland,Stewart Gilcrease@gmail.com50,Sharan Selfridge,(658) 341-3089,Italy,Sharan Selfridge@gmail.com51,Stephania Bealer,(916) 280-2211,Liechtenstein,Stephania Bealer@gmail.com52,Shaquana Bonneau,(517) 658-9109,Luxembourg,Shaquana Bonneau@gmail.com53,Rosario Klutts,(282) 301-7611,The Netherlands,Rosario Klutts@gmail.com54,Catherin Flowers,(784) 541-6364,Norway,Catherin Flowers@gmail.com55,Corie Heidrick,(322) 834-4581,Poland,Corie Heidrick@gmail.com56,Garnet Stelter,(581) 975-1892,Portugal,Garnet Stelter@gmail.com57,Frederick Paige,(474) 674-0420,Slovakia,Frederick Paige@gmail.com58,Reyes Hott,(748) 401-0116,Slovenia,Reyes Hott@gmail.com59,Elvie Dyment,(306) 743-1627,Spain,Elvie Dyment@gmail.com60,Misha Saephan,(445) 534-0007,Sweden,Misha Saephan@gmail.com61,Clarita Moring,(204) 689-8529,Switzerland,Clarita Moring@gmail.com62,Xiao Casey,(336) 825-5440,United Kingdom,Xiao Casey@gmail.com63,Ammie Cothran,(347) 976-4321,Australia,Ammie Cothran@gmail.com64,Pasty Rauch,(782) 294-7293,China Mainland,Pasty Rauch@gmail.com65,Mackenzie Banas,(865) 611-4559,Hong Kong S.A.R. China,Mackenzie Banas@gmail.com66,Jaclyn Motton,(590) 412-1502,Japan,Jaclyn Motton@gmail.com67,Manuel Offutt,(952) 709-3523,Macao S.A.R. China,Manuel Offutt@gmail.com68,Vanita Vantrease,(807) 582-0892,New Zealand,Vanita Vantrease@gmail.com69,Marcella Cyrus,(425) 868-1936,South Korea,Marcella Cyrus@gmail.com70,Gertrudis Swaney,(794) 553-4343,Taiwan,Gertrudis Swaney@gmail.com71,Bernadine Kleine,(335) 786-3617,Jordan,Bernadine Kleine@gmail.com72,Oralia Prewett,(357) 810-5584,United Arab Emirates,Oralia Prewett@gmail.com73,Eusebia Alls,(278) 621-0639,US,Eusebia Alls@gmail.com74,Bruce Hittle,(386) 711-3695,Mexico,Bruce Hittle@gmail.com75,Dedra Jenkinson,(337) 985-0774,Canada,Dedra Jenkinson@gmail.com76,Rosio Mabery,(295) 949-3944,Austria,Rosio Mabery@gmail.com77,Fermina Abbe,(987) 685-6780,Belgium,Fermina Abbe@gmail.com78,Abbey Plotkin,(552) 847-5688,Croatia,Abbey Plotkin@gmail.com79,Mozelle Salmons,(795) 797-8906,Czech Republic,Mozelle Salmons@gmail.com80,Ashanti Couto,(601) 831-5492,Denmark,Ashanti Couto@gmail.com81,Ericka Suda,(453) 226-5152,Finland,Ericka Suda@gmail.com82,Melisa Smiddy,(959) 853-7408,France,Melisa Smiddy@gmail.com83,Christa Winans,(792) 491-4668,Germany,Christa Winans@gmail.com84,Kamilah Brazell,(419) 399-8313,Hungary,Kamilah Brazell@gmail.com85,Marni Swasey,(835) 852-0180,Ireland,Marni Swasey@gmail.com86,Candi Shadley,(859) 639-4031,Italy,Candi Shadley@gmail.com87,Estela Reser,(210) 912-0528,Liechtenstein,Estela Reser@gmail.com88,Reanna Worthley,(705) 256-7703,Luxembourg,Reanna Worthley@gmail.com89,Chelsea Speirs,(974) 584-9783,The Netherlands,Chelsea Speirs@gmail.com90,Hermila Campo,(457) 340-3271,Norway,Hermila Campo@gmail.com91,Ozella Silvera,(351) 238-9352,Poland,Ozella Silvera@gmail.com92,Lucina Brick,(336) 583-2623,Portugal,Lucina Brick@gmail.com93,Melynda Carlberg,(917) 565-2775,Slovakia,Melynda Carlberg@gmail.com94,Shera Hearn,(265) 341-1972,Slovenia,Shera Hearn@gmail.com95,Monty Sandoz,(358) 211-9601,Spain,Monty Sandoz@gmail.com96,Yetta Mcnickle,(453) 261-3293,Sweden,Yetta Mcnickle@gmail.com97,Len Fadden,(559) 222-4412,Switzerland,Len Fadden@gmail.com98,Paola Schnieders,(920) 447-8419,United Kingdom,Paola Schnieders@gmail.com99,Clara Phaneuf,(364) 918-1715,Australia,Clara Phaneuf@gmail.com100,Gayla Chenard,(732) 258-8510,China Mainland,Gayla Chenard@gmail.com101,Marylyn Bosley,(231) 355-4648,Hong Kong S.A.R. China,Marylyn Bosley@gmail.com102,Oretha Summerville,(351) 855-0649,Japan,Oretha Summerville@gmail.com103,Richie Greenleaf,(918) 829-5644,Macao S.A.R. China,Richie Greenleaf@gmail.com104,Hyon Utley,(848) 222-3228,New Zealand,Hyon Utley@gmail.com105,Adriene Camper,(406) 682-9942,South Korea,Adriene Camper@gmail.com106,Julian Gunnels,(661) 328-1393,Taiwan,Julian Gunnels@gmail.com107,Alexandria Mccullers,(441) 833-9838,Jordan,Alexandria Mccullers@gmail.com108,Zulma Hutchison,(550) 733-8790,United Arab Emirates,Zulma Hutchison@gmail.com109,Faviola Bisbee,(515) 361-8424,US,Faviola Bisbee@gmail.com110,Brooks Buchler,(578) 643-6468,Mexico,Brooks Buchler@gmail.com111,Kristie Cueto,(532) 331-4266,Canada,Kristie Cueto@gmail.com112,Danna Jent,(886) 956-6036,Austria,Danna Jent@gmail.com113,Gena Grullon,(203) 667-2727,Belgium,Gena Grullon@gmail.com114,Chau Savant,(482) 514-5315,Croatia,Chau Savant@gmail.com115,Ericka Eisenhart,(397) 317-9410,Czech Republic,Ericka Eisenhart@gmail.com116,Kira Thome,(491) 795-4830,Denmark,Kira Thome@gmail.com117,Jerica Alonso,(446) 685-6802,Finland,Jerica Alonso@gmail.com118,Lan Soltero,(944) 567-3561,France,Lan Soltero@gmail.com119,Deneen Sleeth,(381) 698-9754,Germany,Deneen Sleeth@gmail.com120,Terina Yingling,(540) 453-5483,Hungary,Terina Yingling@gmail.com121,Marx Simmonds,(545) 291-9391,Ireland,Marx Simmonds@gmail.com122,Charla Huwe,(271) 936-9525,Italy,Charla Huwe@gmail.com123,Lianne Cassinelli,(508) 445-4600,Liechtenstein,Lianne Cassinelli@gmail.com124,Clint Gaunt,(792) 550-0077,Luxembourg,Clint Gaunt@gmail.com125,Florinda Smelser,(222) 678-6945,The Netherlands,Florinda Smelser@gmail.com126,Ayana Stober,(720) 555-7030,Norway,Ayana Stober@gmail.com127,Ouida Pantaleo,(896) 633-7325,Poland,Ouida Pantaleo@gmail.com128,Yaeko Coachman,(694) 668-9922,Portugal,Yaeko Coachman@gmail.com129,Idella Ball,(519) 850-7088,Slovakia,Idella Ball@gmail.com130,Joya Squier,(449) 286-6296,Slovenia,Joya Squier@gmail.com131,Dolores Benesh,(503) 662-6261,Spain,Dolores Benesh@gmail.com132,Summer Ramero,(538) 945-8731,Sweden,Summer Ramero@gmail.com133,Gabriele Polson,(710) 430-6889,Switzerland,Gabriele Polson@gmail.com134,Reanna Marek,(425) 982-9997,United Kingdom,Reanna Marek@gmail.com135,Lara Cowen,(554) 832-0360,Australia,Lara Cowen@gmail.com136,Gwenda Mangini,(714) 791-1070,China Mainland,Gwenda Mangini@gmail.com137,Luther Brunn,(940) 685-2495,Hong Kong S.A.R. China,Luther Brunn@gmail.com138,Camila Josephson,(932) 524-7572,Japan,Camila Josephson@gmail.com139,Tonie Hales,(582) 443-4157,Macao S.A.R. China,Tonie Hales@gmail.com140,Hung Liebsch,(757) 716-8008,New Zealand,Hung Liebsch@gmail.com141,Carolin Fiala,(857) 608-3528,South Korea,Carolin Fiala@gmail.com142,Pearlene Pelchat,(694) 814-8470,Taiwan,Pearlene Pelchat@gmail.com143,Florene Drain,(915) 467-1457,Jordan,Florene Drain@gmail.com144,Ngoc Mcgonigal,(677) 925-9748,United Arab Emirates,Ngoc Mcgonigal@gmail.com145,Lissette Swick,(690) 588-8109,US,Lissette Swick@gmail.com146,Lane Schrupp,(430) 452-1592,Mexico,Lane Schrupp@gmail.com147,Waneta Davison,(554) 390-2239,Canada,Waneta Davison@gmail.com148,Fannie Ishibashi,(809) 342-1802,Austria,Fannie Ishibashi@gmail.com149,Bud Spurr,(549) 908-8096,Belgium,Bud Spurr@gmail.com150,Giovanna Housand,(353) 528-5438,Croatia,Giovanna Housand@gmail.com151,Mindi Boehmer,(341) 575-1194,US,Mindi Boehmer@gmail.com152,Isiah Maggio,(604) 203-9630,US,Isiah Maggio@gmail.com153,Eleonor Kalman,(805) 270-1962,US,Eleonor Kalman@gmail.com154,Lauran Tung,(802) 533-9267,US,Lauran Tung@gmail.com155,Krishna Genthner,(717) 349-1877,US,Krishna Genthner@gmail.com156,Rebbecca Preston,(519) 971-3646,US,Rebbecca Preston@gmail.com157,Kathrin Kahle,(827) 535-8436,US,Kathrin Kahle@gmail.com158,Angelic Vines,(959) 906-1677,US,Angelic Vines@gmail.com159,Oretha Stoehr,(613) 542-7812,US,Oretha Stoehr@gmail.com160,Yu Hamdan,(355) 946-4865,US,Yu Hamdan@gmail.com161,Willia Terwilliger,(812) 290-2120,US,Willia Terwilliger@gmail.com162,Reanna Dibella,(966) 462-1164,US,Reanna Dibella@gmail.com163,Maranda Wiedeman,(704) 329-3034,US,Maranda Wiedeman@gmail.com164,Sharron Stoughton,(396) 616-6244,US,Sharron Stoughton@gmail.com165,Jacque Ketner,(951) 834-9557,US,Jacque Ketner@gmail.com166,Lai Matthias,(820) 467-2182,US,Lai Matthias@gmail.com167,Stephanie Catoe,(268) 246-8701,US,Stephanie Catoe@gmail.com168,Elisabeth Trojan,(514) 658-3592,US,Elisabeth Trojan@gmail.com169,Emmy Lake,(355) 513-7638,US,Emmy Lake@gmail.com170,Maire Alonso,(491) 866-8441,US,Maire Alonso@gmail.com171,Bonita Hashimoto,(264) 411-3116,US,Bonita Hashimoto@gmail.com172,Kristopher Verrier,(404) 763-2497,US,Kristopher Verrier@gmail.com173,Jesusa Raffield,(831) 732-2798,US,Jesusa Raffield@gmail.com174,Tiffanie Groce,(820) 208-0657,US,Tiffanie Groce@gmail.com175,Goldie Jess,(900) 619-1950,US,Goldie Jess@gmail.com176,Donald Kirschner,(525) 243-8711,US,Donald Kirschner@gmail.com177,Coral Allums,(635) 416-2892,US,Coral Allums@gmail.com178,Roosevelt Bautch,(605) 683-7009,US,Roosevelt Bautch@gmail.com179,Yetta Maday,(284) 235-8736,US,Yetta Maday@gmail.com180,Ginny Hebron,(834) 845-6325,US,Ginny Hebron@gmail.com181,Regena Bruning,(210) 611-9377,US,Regena Bruning@gmail.com182,Jeraldine Smalley,(229) 758-8361,US,Jeraldine Smalley@gmail.com183,Gonzalo Delgadillo,(338) 817-0509,US,Gonzalo Delgadillo@gmail.com184,Gisela Demaio,(231) 517-0608,US,Gisela Demaio@gmail.com185,Sana Cattaneo,(253) 265-0833,US,Sana Cattaneo@gmail.com186,Forrest Sisk,(694) 316-0931,US,Forrest Sisk@gmail.com187,Maryalice Hankey,(895) 340-7911,US,Maryalice Hankey@gmail.com188,Darrick Below,(562) 201-7474,US,Darrick Below@gmail.com189,Precious Fillman,(627) 298-9890,US,Precious Fillman@gmail.com190,Nina Talbert,(270) 655-4985,US,Nina Talbert@gmail.com191,Bethany Searls,(912) 595-6986,US,Bethany Searls@gmail.com192,Desire Vermeulen,(421) 823-1516,US,Desire Vermeulen@gmail.com193,Sophie Herren,(598) 583-1528,US,Sophie Herren@gmail.com194,Abbie Heaton,(628) 512-7935,US,Abbie Heaton@gmail.com195,Rodolfo Oren,(643) 367-8121,US,Rodolfo Oren@gmail.com196,Wen Straughter,(399) 920-8850,US,Wen Straughter@gmail.com197,Elinore Hauff,(991) 713-0671,US,Elinore Hauff@gmail.com198,Penny Choudhury,(449) 313-7099,US,Penny Choudhury@gmail.com199,Tera Cavalieri,(297) 599-2864,US,Tera Cavalieri@gmail.com200,Cassidy Gilden,(638) 246-3919,US,Cassidy Gilden@gmail.com